saga,sentimiento_pos,densidad_red,rating_goodreads
Empyrean,-0.2542212019850054,2.131868131868132,4.503333333333333
Shadowhunters,-0.6247050213139229,2.085714285714286,4.183333333333334
